question_id,method,designed_to_favor,generated_answer,expected_answer,vector_hit_rate,graph_hit_rate,elapsed_seconds,rouge_l,cosine_sim
q01,vectorrag,vectorrag,The strongest genetic risk factor for sporadic Alzheimer's disease disease is APOEε4.,"The APOE epsilon-4 (e4) allele is the strongest genetic risk factor for sporadic Alzheimer's disease, confirmed by large-scale GWAS meta-analyses.",0.0,,5.447726249694824,0.5263157894736842,0.8259736895561218
q01,graphrag,vectorrag,APO strongestE epsilon-4 allele (APOEE) is the strongest genetic risk factor for sporadic Alzheimer's disease.,"The APOE epsilon-4 (e4) allele is the strongest genetic risk factor for sporadic Alzheimer's disease, confirmed by large-scale GWAS meta-analyses.",,1.0,3.9447555541992188,0.7317073170731708,0.8381519913673401
q01,hybridrag,vectorrag,APO strongestEpsilon-4 allele,"The APOE epsilon-4 (e4) allele is the strongest genetic risk factor for sporadic Alzheimer's disease, confirmed by large-scale GWAS meta-analyses.",0.0,1.0,7.520983457565308,0.21428571428571427,0.537380576133728
q02,vectorrag,vectorrag,APO strongest genetic protective factor against Alzheimer's disease is APOE2 allele.,The APOE epsilon-2 (e2) allele is the strongest known genetic protective factor against Alzheimer's disease.,0.0,,5.2845306396484375,0.6206896551724139,0.9245743155479431
q02,graphrag,vectorrag,APO strongestE epsilon-2 allele (APOEE) is the strongest genetic protective factor against Alzheimer's disease.,The APOE epsilon-2 (e2) allele is the strongest known genetic protective factor against Alzheimer's disease.,,1.0,3.646678924560547,0.8484848484848485,0.9581696391105652
q02,hybridrag,vectorrag,APOE epsilon-2 allele,The APOE epsilon-2 (e2) allele is the strongest known genetic protective factor against Alzheimer's disease.,0.0,1.0,7.015192985534668,0.38095238095238093,0.787871241569519
q03,vectorrag,vectorrag,"The three genes that, when mutated, when mutated, cause the familial (autosomal-dominant form of Alzheimer's disease are amyloid-beta precursor protein (APP) and presenilins PSEN1 and PSEN2.","APP (amyloid precursor protein), PSEN1 (presenilin 1), and PSEN2 (presenilin 2).",1.0,,8.56865644454956,0.3,0.7082077264785767
q03,graphrag,vectorrag,"Presenilin 1 (PSEN1IN 2, Presenilin 2, and Amyloid Precursor Protein / APP gene.","APP (amyloid precursor protein), PSEN1 (presenilin 1), and PSEN2 (presenilin 2).",,1.0,5.286793231964111,0.34782608695652173,0.9575842618942261
q03,hybridrag,vectorrag,"APP, PSEN1 and PSEN2","APP (amyloid precursor protein), PSEN1 (presenilin 1), and PSEN2 (presenilin 2).",1.0,1.0,8.024652242660522,0.5333333333333333,0.8689732551574707
q04,vectorrag,vectorrag,"According to the passage from Wikipedia, worldwide with Alzheimer's disease.",Alzheimer's disease accounts for approximately 60-70% of dementia cases worldwide.,1.0,,6.302595376968384,0.2608695652173913,0.5233889818191528
q04,graphrag,vectorrag,Alzheimer's Disease accounts for roughly 60-70- of all dementia dementia cases worldwide.,Alzheimer's disease accounts for approximately 60-70% of dementia cases worldwide.,,1.0,3.645958185195923,0.8461538461538461,0.974471926689148
q04,hybridrag,vectorrag,60-70%,Alzheimer's disease accounts for approximately 60-70% of dementia cases worldwide.,1.0,1.0,7.6253015995025635,0.2857142857142857,0.41461271047592163
q05,vectorrag,vectorrag,"In July 2023, the FDA converted lecanemab to traditional approval.","Lecanemab received accelerated FDA approval in January 2023, then was converted to full traditional approval in July 2023.",1.0,,6.684237241744995,0.42857142857142855,0.9461542963981628
q05,graphrag,vectorrag,Lecanemab received full FDA approval in 2023 in 20233 for treating early Alzheimer's disease.,"Lecanemab received accelerated FDA approval in January 2023, then was converted to full traditional approval in July 2023.",,1.0,5.430079936981201,0.42424242424242425,0.7720757722854614
q05,hybridrag,vectorrag,In 2023,"Lecanemab received accelerated FDA approval in January 2023, then was converted to full traditional approval in July 2023.",1.0,1.0,7.568084239959717,0.19999999999999998,0.5078908205032349
q06,vectorrag,vectorrag,"The first cholinesterase inhibitor licensed for Alzheimer's treatment was tacrine, but it is no longer used for use due to to its side effects on effects on on on on on on on on on on on on on on on on on on on on on on on on on on on on on on on on on on on on on on on on on on on on on on on on on on on on on on on on on on on on on on on on on on on on on on on on on on on on on on on on on on on on on on on on on on on on on on on on on on",Tacrine was the first licensed cholinesterase inhibitor for Alzheimer's disease; it is no longer used because of its hepatotoxicity.,0.0,,16.762754201889038,0.17931034482758618,0.5933908224105835
q06,graphrag,vectorrag,The first cholinesterase inhibitor licensed for Alzheimer's treatment for Alzheimer's Disease is Tacrine. Tacrine was the first licensed cholinesterase inhibitor licensed for AD.'s. it.,Tacrine was the first licensed cholinesterase inhibitor for Alzheimer's disease; it is no longer used because of its hepatotoxicity.,,1.0,7.383002519607544,0.425531914893617,0.8452996015548706
q06,hybridrag,vectorrag,"Tacrine was the first licensed cholinesterase inhibitor for for Alzheimer's treatment, but is no longer used due to treat the side effects of the drug.",Tacrine was the first licensed cholinesterase inhibitor for Alzheimer's disease; it is no longer used because of its hepatotoxicity.,0.0,1.0,12.678537845611572,0.6521739130434783,0.9224176406860352
q07,vectorrag,vectorrag,"Memantineurophosphericin, and antichlorphosphin, antichphosph, antlorosph, antph antph ant ant ant ant ant ant ant ant ant ant ant ant ant ant ant ant ant ant ant ant ant ant ant ant ant ant ant ant ant ant ant ant ant ant ant ant ant ant ant ant ant ant ant ant ant ant ant ant ant ant ant ant ant ant ant ant ant ant ant ant ant ant ant ant ant ant ant ant ant ant ant ant ant ant ant ant ant ant ant ant ant ant ant ant ant ant ant ant ant ant ant ant ant ant ant ant ant ant ant ant ant",Memantine is an uncompetitive NMDA (N-methyl-D-aspartate) receptor antagonist that reduces glutamate-driven excitotoxicity.,0.5,,16.63140892982483,0.0,0.1931687295436859
q07,graphrag,vectorrag,"Memantine's mechanism of action in treating Alzheimer's is as an uncompetitive NMDA Receptor antagonist, which helps reduce clinical deterioration in moderate-to-severe AD.",Memantine is an uncompetitive NMDA (N-methyl-D-aspartate) receptor antagonist that reduces glutamate-driven excitotoxicity.,,1.0,5.483363628387451,0.380952380952381,0.7289400100708008
q07,hybridrag,vectorrag,"Memantineurophosphorytic, and anticholine, and antich, antich, antich ant ant ant ant ant ant ant ant ant ant ant ant ant ant ant ant ant ant ant ant ant ant ant ant ant ant ant ant ant ant ant ant ant ant ant ant ant ant ant ant ant ant ant ant ant ant ant ant ant ant ant ant ant ant ant ant ant ant ant ant ant ant ant ant ant ant ant ant ant ant ant ant ant ant ant ant ant ant ant ant ant ant ant ant ant ant ant ant ant ant ant ant ant ant ant ant ant ant ant ant ant ant ant ant ant ant",Memantine is an uncompetitive NMDA (N-methyl-D-aspartate) receptor antagonist that reduces glutamate-driven excitotoxicity.,0.5,1.0,18.39416217803955,0.0,0.18970221281051636
q08,vectorrag,vectorrag,Amyloid-related imaging abnormalities (ARIA),ARIA (amyloid-related imaging abnormalities) -- brain edema and/or microhemorrhage -- is the key adverse effect requiring MRI monitoring.,1.0,,4.885216951370239,0.3478260869565218,0.727218508720398
q08,graphrag,vectorrag,Amyloid-Related Imaging Abnormalities (ARIA),ARIA (amyloid-related imaging abnormalities) -- brain edema and/or microhemorrhage -- is the key adverse effect requiring MRI monitoring.,,1.0,3.444052219390869,0.3478260869565218,0.727218508720398
q08,hybridrag,vectorrag,Amyloid-related imaging abnormalities (ARIA),ARIA (amyloid-related imaging abnormalities) -- brain edema and/or microhemorrhage -- is the key adverse effect requiring MRI monitoring.,1.0,1.0,7.8038952350616455,0.3478260869565218,0.727218508720398
q09,vectorrag,vectorrag,Anti-amyloid antibody trials slowed cognitive decline by 150% to 15% in the phase III trials.,Approximately 30% slowing of cognitive decline was observed in successful anti-amyloid antibody trials.,1.0,,8.021231651306152,0.3333333333333333,0.8363918662071228
q09,graphrag,vectorrag,Anti-amyloid antibody trials achieved roughly a 30% slowing of cognitive decline.,Approximately 30% slowing of cognitive decline was observed in successful anti-amyloid antibody trials.,,1.0,3.6064369678497314,0.3846153846153846,0.9464935660362244
q09,hybridrag,vectorrag,Anti-amyloid antibody trials achieved roughly a 30% slowing of cognitive decline.,Approximately 30% slowing of cognitive decline was observed in successful anti-amyloid antibody trials.,1.0,1.0,8.457962036132812,0.3846153846153846,0.9464935660362244
q10,vectorrag,vectorrag,Down syndrome,"Down syndrome (trisomy 21) -- the extra chromosome 21 copy means an extra APP gene copy, supporting the amyloid hypothesis.",1.0,,5.0559985637664795,0.1904761904761905,0.43898823857307434
q10,graphrag,vectorrag,Down Syndrome,"Down syndrome (trisomy 21) -- the extra chromosome 21 copy means an extra APP gene copy, supporting the amyloid hypothesis.",,1.0,2.81817364692688,0.1904761904761905,0.43898823857307434
q10,hybridrag,vectorrag,Down Syndrome,"Down syndrome (trisomy 21) -- the extra chromosome 21 copy means an extra APP gene copy, supporting the amyloid hypothesis.",1.0,1.0,7.586958885192871,0.1904761904761905,0.43898823857307434
q11,vectorrag,graphrag,Carrying the APOE4 allele increases Alzheimer's risk is more in women than in men.,"APOE e4 is the strongest genetic risk allele for AD, but its risk-raising effect is not sex-neutral: carrying APOE4 increases AD risk more in women than in men, consistent with broader findings that sex/gender modify AD risk-factor impact and cognitive resilience.",0.3333333333333333,,7.026077747344971,0.3333333333333333,0.7925795912742615
q11,graphrag,graphrag,Carrying the APOE epsilon-4 allele increases the risk risk of Alzheimer's's Disease more in women than than in men.,"APOE e4 is the strongest genetic risk allele for AD, but its risk-raising effect is not sex-neutral: carrying APOE4 increases AD risk more in women than in men, consistent with broader findings that sex/gender modify AD risk-factor impact and cognitive resilience.",,1.0,4.7970380783081055,0.29850746268656714,0.8052200675010681
q11,hybridrag,graphrag,Carrying the APOE4 raises AD risk risk more in women than in women.,"APOE e4 is the strongest genetic risk allele for AD, but its risk-raising effect is not sex-neutral: carrying APOE4 increases AD risk more in women than in men, consistent with broader findings that sex/gender modify AD risk-factor impact and cognitive resilience.",0.3333333333333333,1.0,9.391793251037598,0.31034482758620696,0.749644935131073
q12,vectorrag,graphrag,"Poor sleep is thought to contribute to dementia-related protein aggregation, it is thought to dementia-related by which chain of chain of events events by which by which poor sleep is is is to contribute to contribute to to dementia-related protein aggregation.","Sleep disturbance impairs the glymphatic system, the brain's waste-clearance pathway that is mostly active during sleep and which normally helps clear amyloid-beta and other aggregation-prone proteins; the glymphatic system also degrades with age, so impaired sleep plus aging compounds reduced clearance, contributing to protein aggregation and dementia onset.",1.0,,12.35958194732666,0.16666666666666669,0.5824885368347168
q12,graphrag,graphrag,"Poor sleep disturbances in sleep architecture can lead to the glymphatic system to the brain clearance activity, which is greatest during sleep. Poor sleep is thought to contribute to contribute to to dementia-related protein aggregation.","Sleep disturbance impairs the glymphatic system, the brain's waste-clearance pathway that is mostly active during sleep and which normally helps clear amyloid-beta and other aggregation-prone proteins; the glymphatic system also degrades with age, so impaired sleep plus aging compounds reduced clearance, contributing to protein aggregation and dementia onset.",,1.0,8.910152196884155,0.3636363636363637,0.8567822575569153
q12,hybridrag,graphrag,"Poor sleep disturbance of the glymphatic system's system's activity, which is greatest during sleep.","Sleep disturbance impairs the glymphatic system, the brain's waste-clearance pathway that is mostly active during sleep and which normally helps clear amyloid-beta and other aggregation-prone proteins; the glymphatic system also degrades with age, so impaired sleep plus aging compounds reduced clearance, contributing to protein aggregation and dementia onset.",1.0,1.0,10.455712080001831,0.2647058823529412,0.6355893611907959
q13,vectorrag,graphrag,"Microgliaia are the principal immunological cells of the central nervous system, serving as they are the tissue-resident macrophages of the brain; they are capable of recognizing and and taking up Aβ through multiple pattern recognition receptors, making them central amyloidloid clearance within brain. However, them are deleterious to neurological function, them are topographically associated with aberrant deposits of tau and beta within brain, even when each pathologic component occurs in distinct brain regions.","Microglia are the primary mediators of neuroinflammation in AD, and they directly interact with both amyloid-beta and tau pathology -- meaning microglial activity sits at the intersection of the amyloid-centric and neuroinflammation-centric explanations of disease progression, and evidence for the latter has weakened purely amyloid-centric models.",0.0,,18.870266675949097,0.16260162601626016,0.7097612023353577
q13,graphrag,graphrag,"Microgliaia connect the amyloid hypothesis and the neuroinflammation hypothesis of Alzheimer's Disease by physically interact with amyloid-beta deposits and tau pathology, influencing its spread and clearance.","Microglia are the primary mediators of neuroinflammation in AD, and they directly interact with both amyloid-beta and tau pathology -- meaning microglial activity sits at the intersection of the amyloid-centric and neuroinflammation-centric explanations of disease progression, and evidence for the latter has weakened purely amyloid-centric models.",,1.0,6.109554052352905,0.2597402597402597,0.8090258836746216
q13,hybridrag,graphrag,"Microgliaia are the principal immunological cells of the central nervous system, serving as the tissue-resident macrophages of the brain; they are capable of of and and and and and and and and and and and and and and and and and and and and and and and and and and and and and and and and and and and and and and and and and and and and and and and and and and and and and and and and and and and and and and and and and and and and and and and and and and and and and and and and and and and and and and and and and and and and and and","Microglia are the primary mediators of neuroinflammation in AD, and they directly interact with both amyloid-beta and tau pathology -- meaning microglial activity sits at the intersection of the amyloid-centric and neuroinflammation-centric explanations of disease progression, and evidence for the latter has weakened purely amyloid-centric models.",0.0,1.0,17.88010573387146,0.09523809523809523,0.5102576017379761
q14,vectorrag,graphrag,"Down syndrome is considered a natural model supporting the amyloid cascade hypothesis because individuals with Down syndrome have an extra copy of chromosome 21, leading to an extra copy of the APP gene for APP, which is duplicated in an extra copy of the APP gene for, leading to increase production of APP, which increases the production of production of amyloid-beta (Aβ) peptides).","Down syndrome is caused by trisomy of chromosome 21; since the APP gene sits on chromosome 21, individuals with Down syndrome carry an extra APP gene copy, leading to greater APP expression and amyloid-beta production -- which is exactly the mechanism the amyloid cascade hypothesis proposes drives Alzheimer's pathology.",1.0,,14.073953628540039,0.3333333333333333,0.9350674748420715
q14,graphrag,graphrag,"Down syndrome is considered a natural model supporting the amyloid cascade hypothesis because it has an extra copy of chromosome 21, which leads to an extra copy of APP gene APP gene triplication in Down syndrome. This extra APP triplication in Down syndrome is a key line of evidence for the amyloid hypothesis.","Down syndrome is caused by trisomy of chromosome 21; since the APP gene sits on chromosome 21, individuals with Down syndrome carry an extra APP gene copy, leading to greater APP expression and amyloid-beta production -- which is exactly the mechanism the amyloid cascade hypothesis proposes drives Alzheimer's pathology.",,0.8,10.075948476791382,0.3106796116504854,0.9136461019515991
q14,hybridrag,graphrag,"Down syndrome is considered a natural model supporting the amyloid cascade hypothesis, tracing the full genetic toolecular chain due to the extra copy of chromosome 21 and an extra copy of the APP gene for the APP.","Down syndrome is caused by trisomy of chromosome 21; since the APP gene sits on chromosome 21, individuals with Down syndrome carry an extra APP gene copy, leading to greater APP expression and amyloid-beta production -- which is exactly the mechanism the amyloid cascade hypothesis proposes drives Alzheimer's pathology.",1.0,0.8,13.521694898605347,0.2528735632183908,0.8447490930557251
q15,vectorrag,graphrag,"Vascular risk factors, vascular risk factors, vascular dementia, and mixed dementia are related to Alzheimer's disease.","Cardiovascular/vascular risk factors raise the risk of vascular dementia; vascular dementia frequently co-occurs with Alzheimer's disease as 'mixed dementia,' which is in fact the most common mixed-dementia presentation -- so managing vascular risk is relevant to both pure vascular dementia and AD-vascular comorbidity.",0.5,,8.379994869232178,0.3125,0.8596898317337036
q15,graphrag,graphrag,"Vascular risk factors, vascular dementia, and mixed dementia are primary drivers of vascular dementia, and vascular dementia. Alzheimer's disease is frequently diagnosed alongside vascular dementia as mixed dementia. Alzheimer disease is biologically defined by beta-amyloid plaques together with neuro neurofibrillary tangles.","Cardiovascular/vascular risk factors raise the risk of vascular dementia; vascular dementia frequently co-occurs with Alzheimer's disease as 'mixed dementia,' which is in fact the most common mixed-dementia presentation -- so managing vascular risk is relevant to both pure vascular dementia and AD-vascular comorbidity.",,1.0,8.911241292953491,0.3333333333333333,0.8842134475708008
q15,hybridrag,graphrag,"Vascular risk factors, vascular risk factors, and vascular dementia, and mixed dementia are all contribute to Alzheimer's disease.","Cardiovascular/vascular risk factors raise the risk of vascular dementia; vascular dementia frequently co-occurs with Alzheimer's disease as 'mixed dementia,' which is in fact the most common mixed-dementia presentation -- so managing vascular risk is relevant to both pure vascular dementia and AD-vascular comorbidity.",0.5,1.0,11.134549617767334,0.30303030303030304,0.8674996495246887
q16,vectorrag,graphrag,"APOE genotype influences Alzheimer's pathology through three distinct biological mechanisms: 1) promoting the breakdown of reelin signaling, 2) the of inflammation and oxidation, and 3) the of inflammation.","Beyond its originally described role in amyloid-beta aggregation and clearance, APOE genotype is now linked to (1) tau neurofibrillary degeneration, (2) microglia and astrocyte inflammatory responses, and (3) blood-brain barrier disruption.",1.0,,10.978721380233765,0.22580645161290322,0.6880154013633728
q16,graphrag,graphrag,"APO.E genotype influences Alzheimer's pathology through three distinct biological mechanisms: 
1. 1) APOE epsilon-4 allele shapes microglial and astrocyte inflammatory responses in AD.2) 2 AE epsilon epsilon-2 allele shapes microglia and astrocytete inflammatory responses in AD.3 3 33E epsilon epsilon-2 allele shapes microglia andte andte responses AD","Beyond its originally described role in amyloid-beta aggregation and clearance, APOE genotype is now linked to (1) tau neurofibrillary degeneration, (2) microglia and astrocyte inflammatory responses, and (3) blood-brain barrier disruption.",,1.0,14.095510244369507,0.20689655172413793,0.7089390754699707
q16,hybridrag,graphrag,APOE genotype shapes microglial and astrocyte inflammatory responses in AD. APOE also shapes microglia and astrocyte responses in AD.,"Beyond its originally described role in amyloid-beta aggregation and clearance, APOE genotype is now linked to (1) tau neurofibrillary degeneration, (2) microglia and astrocyte inflammatory responses, and (3) blood-brain barrier disruption.",1.0,1.0,11.331419229507446,0.2692307692307693,0.6591777205467224
q17,vectorrag,graphrag,"Mild cognitive impairment (MCI) is a risk factor for dementia, and Alzheimer's disease. Biomarkers used to track its progression: low levels of amyloid and increased tau proteins in CSF, ApoE4 positivity, scores on cognitive tests like paired associates immediate recall test and symbol substitution test, increased tau protein in CSF, and measurements of right entororinal thickness and measurements of right entorhinal cortex right hippocampal volume on MRI.","Amnestic MCI is frequently a prodromal stage of Alzheimer's disease, converting to probable AD at roughly 10-15% per year; a low plasma Abeta42/40 ratio can strongly support an AD diagnosis even at the MCI/early-dementia stage, and structural MRI can track progressive gray-matter loss as MCI converts toward full AD dementia.",0.5,,16.990761518478394,0.16129032258064516,0.8044435381889343
q17,graphrag,graphrag,Mild Cognitive Imp (MCI) is a stage of the prodromal stage of Alzheimer's disease (AD) disease) and the biomarkers used to track its progression.,"Amnestic MCI is frequently a prodromal stage of Alzheimer's disease, converting to probable AD at roughly 10-15% per year; a low plasma Abeta42/40 ratio can strongly support an AD diagnosis even at the MCI/early-dementia stage, and structural MRI can track progressive gray-matter loss as MCI converts toward full AD dementia.",,1.0,7.5034003257751465,0.32098765432098764,0.8562952876091003
q17,hybridrag,graphrag,Mild cognitive impairment (MCI) is a stage of Alzheimer's disease. Biomarkers used to track its progression: low levels of amyloid and increased tau proteins in CSF are potential biomarkers although they are not specific to AD. Combining various variables such as ApoE4 positivity scores on cognitive tests like the paired associates immediate recall test and symbol symbol substitution test increased tau protein in CSF measurements of right entorhinal cortex thickness and right hippocampal volume on MRI can help predict progression to MCI from this preclinical stage. Mild Cognitive Impairment impairment,"Amnestic MCI is frequently a prodromal stage of Alzheimer's disease, converting to probable AD at roughly 10-15% per year; a low plasma Abeta42/40 ratio can strongly support an AD diagnosis even at the MCI/early-dementia stage, and structural MRI can track progressive gray-matter loss as MCI converts toward full AD dementia.",0.5,1.0,23.710129022598267,0.23129251700680273,0.827710747718811
q18,vectorrag,graphrag,"Cholinesterase inhibitors are approved for treating AD, such as donepezil, rivastigmine, andantamine, and memantineut, are approved treating AD such as well. Cholinesterase inhibitors are approved treating, AD as. Cholinesterase inhibitors approved, as. Cholinesterase inhibitors, as Cholinesterase inhibitors, Cholinesterase inhibitors, Cholinasease inhibitors Cholinesterase inhibitors, Cholinasease, Cholinasease, Cholinasease, Cholinasease, Cholinase,olinaseolinolinaseolinolinolinolinolinaseolinolinolin","In established AD, cholinesterase inhibitors (donepezil, rivastigmine, galantamine) are the main symptomatic drug class, with roughly similar and mild efficacy. In MCI specifically, results are weaker: donepezil showed only minor, short-term benefit with notable side effects, and rivastigmine failed to stop or slow progression to Alzheimer's disease at all.",0.5,,22.577901601791382,0.12,0.7462700009346008
q18,graphrag,graphrag,"Cholinesteresterase inhibitors are primarily treatable for Alzheimer's Disease (AD) and mild cognitive impairment (MCI) and early dementia. Cholinesterase inhibitors are the main class of drugs used for symptomatic AD treatment. Cholinesterase inhibitors block acetylcholine breakdown, raising synaptic acetylcholine levels. Cholinesterase inhibitors are the main class of drugs used for symptomatic AD treatment Cholin.","In established AD, cholinesterase inhibitors (donepezil, rivastigmine, galantamine) are the main symptomatic drug class, with roughly similar and mild efficacy. In MCI specifically, results are weaker: donepezil showed only minor, short-term benefit with notable side effects, and rivastigmine failed to stop or slow progression to Alzheimer's disease at all.",,1.0,15.117863178253174,0.1523809523809524,0.7857035398483276
q18,hybridrag,graphrag,"Cholinesterase inhibitors are the main class of drugs used for treating AD, and are the main class of drugs used for symptomatic AD treatment of AD. Cholinesterase inhibitors function by increasing the levels of acetylcholineoline, a neurotransmitter that plays role in nerve cell communication and is involved in learning memory memory and cognitive functions. Within this category  this 3 drugs have received FDA approval for treating AD: donepezil, , , .","In established AD, cholinesterase inhibitors (donepezil, rivastigmine, galantamine) are the main symptomatic drug class, with roughly similar and mild efficacy. In MCI specifically, results are weaker: donepezil showed only minor, short-term benefit with notable side effects, and rivastigmine failed to stop or slow progression to Alzheimer's disease at all.",0.5,1.0,20.595027685165405,0.1680672268907563,0.7889813184738159
q19,vectorrag,graphrag,"Physical activity, cognitive exercises, higher education and attainment, cognitive and in, and activities, and, and, and and, and and and and and and and and and and and and and and and and and and and and and and and and and and and and and and and and and and and and and and and and and and and and and and and and and and and and and and and and and and and and and and and and and and and and and and and and and and and and and and and and and and and and and and and and and and and and and and and and and and and and and and and and and and","All three are modifiable, non-genetic environmental/lifestyle factors that epidemiological studies have linked to Alzheimer's risk: physical activity is protective (lower AD and all-cause dementia incidence), while air pollution (fine particulate matter) and vascular/cardiovascular risk factors both raise AD and dementia risk -- making all three candidate targets for AD prevention strategies.",0.6666666666666666,,15.422817945480347,0.056179775280898875,0.3291334807872772
q19,graphrag,graphrag,"Physical activity, air pollution, and risk factors are all contribute to Alzheimer's risk.","All three are modifiable, non-genetic environmental/lifestyle factors that epidemiological studies have linked to Alzheimer's risk: physical activity is protective (lower AD and all-cause dementia incidence), while air pollution (fine particulate matter) and vascular/cardiovascular risk factors both raise AD and dementia risk -- making all three candidate targets for AD prevention strategies.",,1.0,4.516820430755615,0.23188405797101444,0.7478755116462708
q19,hybridrag,graphrag,Physical activity is a protective factor for for dementia and Alzheimer's disease vascular risk factors are the primary drivers of vascular disease vascular risk.,"All three are modifiable, non-genetic environmental/lifestyle factors that epidemiological studies have linked to Alzheimer's risk: physical activity is protective (lower AD and all-cause dementia incidence), while air pollution (fine particulate matter) and vascular/cardiovascular risk factors both raise AD and dementia risk -- making all three candidate targets for AD prevention strategies.",0.6666666666666666,1.0,11.337153911590576,0.25000000000000006,0.7007385492324829
q20,vectorrag,graphrag,"The economic burden of Alzheimer's disease (AD) has become one of the most prevalent neurodegenerative disorders among the elderly. The global cost of dementia is expected to reach US $2 trillion in 20300. In this systematic review, existing evidence on the cost economic burden of AD up to August 202. The risk of bias in the studies was assessed using Consolidated Health Economic Evaluation Reporting Standards 202222 criteria.","Indirect caregiving cost (lost productivity, unpaid family care) is the main contributor to AD's overall societal cost. When formal caregiving accommodation (e.g. a care facility) is used instead, costs shift from indirect cost to direct nonmedical cost, and formal accommodation can raise direct costs to as much as 67.3% of the overall economic burden.",1.0,,13.476598978042603,0.15873015873015875,0.5540484189987183
q20,graphrag,graphrag,The economic burden of Alzheimer's disease is projected to reach roughly $2 trillion by 20300 by 2030. (source: pubmed_379724428). Indirect caregiving cost is the main driver of AD's overall societal economic burden. (source: pubmed_37972828).,"Indirect caregiving cost (lost productivity, unpaid family care) is the main contributor to AD's overall societal cost. When formal caregiving accommodation (e.g. a care facility) is used instead, costs shift from indirect cost to direct nonmedical cost, and formal accommodation can raise direct costs to as much as 67.3% of the overall economic burden.",,1.0,9.180216073989868,0.2526315789473684,0.701757550239563
q20,hybridrag,graphrag,The economic burden of Alzheimer's disease is significantly increases with caregiving arrangements. The economic burden of AD is increased with indirect caregiving cost.,"Indirect caregiving cost (lost productivity, unpaid family care) is the main contributor to AD's overall societal cost. When formal caregiving accommodation (e.g. a care facility) is used instead, costs shift from indirect cost to direct nonmedical cost, and formal accommodation can raise direct costs to as much as 67.3% of the overall economic burden.",1.0,1.0,11.130815267562866,0.14814814814814814,0.8448740839958191
q21,vectorrag,hybridrag,"Cholinesterase inhibitors, memantine, and anti-amyloid monoclonal antibodies for Alzheimer's disease. Cholinesterase inhibitors increase acetylcholinesterase, cholinesterase inhibitors function by increasing the levels of acetylcholine, a neurotransmitter that plays a neurotransmitter that plays role in nerve cell communication and involved in learning memory, memory, and cognitive functions. Within this category, 3 drugs have received FDA approval for treating AD: donepezil, rivastigmine, and galantamine.","Cholinesterase inhibitors (donepezil, rivastigmine, galantamine) are purely symptomatic: they raise synaptic acetylcholine and produce mild, possibly non-clinically-significant benefit. Memantine is also symptomatic, blocking NMDA receptor overstimulation by glutamate, and reduced clinical deterioration in moderate-to-severe AD in trials. Anti-amyloid monoclonal antibodies (lecanemab, aducanumab) are disease-modifying: they directly clear brain amyloid plaque and produced roughly 30% slowing of cognitive decline in trials, but carry a distinct risk -- ARIA (brain edema/microhemorrhage) -- not seen with the older symptomatic drug classes.",0.5,,18.33841586112976,0.1643835616438356,0.8042292594909668
q21,graphrag,hybridrag,"Cholinesterase inhibitors, memantine, and anti-amyloid monoclonal antibodies are used for treating Alzheimer's disease. Cholinesterase inhibitors increase acetylcholine, memantine reduce amyloid plaques, and amyloid-related imaging abnormalities (ARIA) and cognitive decline.","Cholinesterase inhibitors (donepezil, rivastigmine, galantamine) are purely symptomatic: they raise synaptic acetylcholine and produce mild, possibly non-clinically-significant benefit. Memantine is also symptomatic, blocking NMDA receptor overstimulation by glutamate, and reduced clinical deterioration in moderate-to-severe AD in trials. Anti-amyloid monoclonal antibodies (lecanemab, aducanumab) are disease-modifying: they directly clear brain amyloid plaque and produced roughly 30% slowing of cognitive decline in trials, but carry a distinct risk -- ARIA (brain edema/microhemorrhage) -- not seen with the older symptomatic drug classes.",,1.0,10.12451982498169,0.2608695652173913,0.8074305057525635
q21,hybridrag,hybridrag,"Cholinesterase inhibitors, memantine, and anti-amyloid monoclonal antibodies for Alzheimer's disease. Cholinesterase inhibitors function by increasing the levels of acetylcholineoline, a neurotransmitter that plays a role in nerve cell communication and is involved in memory and cognitive functions. Within this category 3 drugs have received FDA approval for treating AD: donepezil, rivastigmine, andantagonistamine (NMDA) antagonist memantineut. Memantine. Memut Mem.ut Mem.utut. Memutututut Memututut.utut Memututututututut","Cholinesterase inhibitors (donepezil, rivastigmine, galantamine) are purely symptomatic: they raise synaptic acetylcholine and produce mild, possibly non-clinically-significant benefit. Memantine is also symptomatic, blocking NMDA receptor overstimulation by glutamate, and reduced clinical deterioration in moderate-to-severe AD in trials. Anti-amyloid monoclonal antibodies (lecanemab, aducanumab) are disease-modifying: they directly clear brain amyloid plaque and produced roughly 30% slowing of cognitive decline in trials, but carry a distinct risk -- ARIA (brain edema/microhemorrhage) -- not seen with the older symptomatic drug classes.",0.5,1.0,23.027713298797607,0.16,0.8237231969833374
q22,vectorrag,hybridrag,The amyloid cascade hypothesis and neuroinflammflammation hypothesis both explain Alzheimer's disease by suggesting that the accumulation of Aβ peptides and neurodegeneration and tauopathy.,"The amyloid cascade hypothesis holds that amyloid-beta accumulation is the central driver of AD, initiating downstream tau pathology, synaptic loss, and neurodegeneration -- consistent with amyloid plaques and tau tangles being AD's two hallmark pathologies. However, evidence of elevated inflammatory markers and innate-immune AD risk genes suggests this hypothesis is incomplete: microglia-mediated neuroinflammation interacts independently with both amyloid-beta and tau, and researchers increasingly see disease-promoting and protective factors interacting with, rather than being strictly downstream of, the core amyloid mechanism.",0.0,,9.658579349517822,0.1834862385321101,0.7780884504318237
q22,graphrag,hybridrag,The amyloid cascade hypothesis explains Alzheimer's disease by explaining the amyloid plaques and tau neurofibrillary tangles as the core pathologies. The neuroinflammation hypothesis of Alzheimer disease by the by the neuroinflammation as core disease the disease the disease the disease disease the the disease disease the disease disease the disease the disease the disease disease the disease disease disease disease disease disease disease disease disease disease disease disease disease disease disease disease disease disease disease disease disease disease disease disease disease disease disease disease disease disease disease disease disease disease disease disease disease disease disease disease disease disease disease disease disease disease disease disease disease disease disease disease disease disease disease disease disease disease disease,"The amyloid cascade hypothesis holds that amyloid-beta accumulation is the central driver of AD, initiating downstream tau pathology, synaptic loss, and neurodegeneration -- consistent with amyloid plaques and tau tangles being AD's two hallmark pathologies. However, evidence of elevated inflammatory markers and innate-immune AD risk genes suggests this hypothesis is incomplete: microglia-mediated neuroinflammation interacts independently with both amyloid-beta and tau, and researchers increasingly see disease-promoting and protective factors interacting with, rather than being strictly downstream of, the core amyloid mechanism.",,1.0,16.362295627593994,0.1492537313432836,0.7515590190887451
q22,hybridrag,hybridrag,The amyloid Cascadeoothesis and neuroinflammation hypothesis of Alzheimer's disease both explain the disease by describing the accumulation of and neuroinflammation.,"The amyloid cascade hypothesis holds that amyloid-beta accumulation is the central driver of AD, initiating downstream tau pathology, synaptic loss, and neurodegeneration -- consistent with amyloid plaques and tau tangles being AD's two hallmark pathologies. However, evidence of elevated inflammatory markers and innate-immune AD risk genes suggests this hypothesis is incomplete: microglia-mediated neuroinflammation interacts independently with both amyloid-beta and tau, and researchers increasingly see disease-promoting and protective factors interacting with, rather than being strictly downstream of, the core amyloid mechanism.",0.0,1.0,11.362685203552246,0.1509433962264151,0.8243796825408936
q23,vectorrag,hybridrag,"Genetic factors, environmental factors, and lifestyle, factors, and, and, and and, and and and and and and and and and and and and and and and and and and and and and and and and and and and and and and and and and and and and and and and and and and and and and and and and and and and and and and and and and and and and and and and and and and and and and and and and and and and and and and and and and and and and and and and and and and and and and and and and and and and and and and and and and and and and and","Genetic risk operates on two tiers: rare autosomal-dominant mutations in APP, PSEN1, or PSEN2 cause early-onset familial AD with near-complete penetrance, while common APOE allele variation (e4 raises risk, e2 lowers it) modulates risk in the much more common sporadic form. Layered on top of this genetic baseline, modifiable factors meaningfully shift risk in either direction: physical activity and cardiovascular health are protective, while vascular risk factors, air pollution, and poor sleep (via impaired glymphatic clearance) raise risk. AD is explicitly described as a multifactorial disorder determined by the interaction of genetic susceptibility and environmental factors across the life course, with early-life and midlife interventions offering the most potential to shift outcomes.",0.0,,14.947608709335327,0.05932203389830509,0.5179234743118286
q23,graphrag,hybridrag,"Genetic factors, lifestyle/environmental factors together shape an individual's overall Alzheimer's risk profile:

1. Genetic Factors:
1/2APP: PSEN1 mutations are one of three known causes of three known causes of autosomal-dominant familial AD. (PSEN2 mutations are one of one of known of three causes three causes autosomalominominant familial AD (SEN mutations one one one known three three three autosomalominominant familial AD ( mutations one one one three three three autosomalominomin familial AD ( mutations one one one three three autosomalominomin familial ( mutations one one one three autos autosomalomin","Genetic risk operates on two tiers: rare autosomal-dominant mutations in APP, PSEN1, or PSEN2 cause early-onset familial AD with near-complete penetrance, while common APOE allele variation (e4 raises risk, e2 lowers it) modulates risk in the much more common sporadic form. Layered on top of this genetic baseline, modifiable factors meaningfully shift risk in either direction: physical activity and cardiovascular health are protective, while vascular risk factors, air pollution, and poor sleep (via impaired glymphatic clearance) raise risk. AD is explicitly described as a multifactorial disorder determined by the interaction of genetic susceptibility and environmental factors across the life course, with early-life and midlife interventions offering the most potential to shift outcomes.",,0.9,20.077784776687622,0.08737864077669903,0.7936309576034546
q23,hybridrag,hybridrag,"Genetic factors, such as well-known as APOE, PSEN1/2 APP, APP, and modifiable lifestyle/environmental factors together shape an individual's overall Alzheimer's risk profile.","Genetic risk operates on two tiers: rare autosomal-dominant mutations in APP, PSEN1, or PSEN2 cause early-onset familial AD with near-complete penetrance, while common APOE allele variation (e4 raises risk, e2 lowers it) modulates risk in the much more common sporadic form. Layered on top of this genetic baseline, modifiable factors meaningfully shift risk in either direction: physical activity and cardiovascular health are protective, while vascular risk factors, air pollution, and poor sleep (via impaired glymphatic clearance) raise risk. AD is explicitly described as a multifactorial disorder determined by the interaction of genetic susceptibility and environmental factors across the life course, with early-life and midlife interventions offering the most potential to shift outcomes.",0.0,0.9,13.782842636108398,0.08391608391608392,0.7915745973587036
q24,vectorrag,hybridrag,"An APP gene mutation in the APP gene for hereditary early-onset Alzheimer's disease (familial AD) disease. This form AD form AD accounts for no more than 10% of all cases and the vast majority of AD is not accompanied by such mutations. However, and Alzheimer's Alzheimer's disease disease disease is likely result from altered proteolytictic processing. is is is evidenced by by the fact that many mutations that lead to lead fAD occur near gamma-secretase cleavage sites on APP is on is near-secret cleavage sites on on APP on near cleavage sites on APP on APP on cleavage sites APP","An APP gene mutation alters how amyloid precursor protein is cleaved, increasing production of the amyloid-beta fragment. Amyloid-beta aggregates into extracellular plaques and, together with hyperphosphorylated tau (which aggregates into intracellular neurofibrillary tangles), causes reduction in synaptic strength and synaptic loss. This synaptic dysfunction and downstream neurodegeneration is what produces the clinically measurable progressive decline in cognition and function that defines Alzheimer's disease.",0.0,,26.508684873580933,0.13953488372093023,0.7758933901786804
q24,graphrag,hybridrag,"An APP gene mutation in the APP gene leads to the production of Amyloid Prec (APP gene) to cleavage of APP, which produces the to amyloid-beta fragment central to AD pathology. This amyloid-beta accumulation contributes to to synaptic strength reduction and synapse loss. synaptic dysfunction loss to cognitive decline.","An APP gene mutation alters how amyloid precursor protein is cleaved, increasing production of the amyloid-beta fragment. Amyloid-beta aggregates into extracellular plaques and, together with hyperphosphorylated tau (which aggregates into intracellular neurofibrillary tangles), causes reduction in synaptic strength and synaptic loss. This synaptic dysfunction and downstream neurodegeneration is what produces the clinically measurable progressive decline in cognition and function that defines Alzheimer's disease.",,1.0,11.780990839004517,0.32478632478632485,0.8865407705307007
q24,hybridrag,hybridrag,"An APP gene mutation in the APP gene for autosomal-dominant familial Alzheimer's disease (famil) causes hereditary early-onset Alzheimer's disease (familial AD, fAD). This form of AD accounts for no more than 10% of all cases, and the vast majority of AD is not accompanied by such mutations. However, familial Alzheimer's disease is likely to result from altered proteolytic processing This is evidenced by by the fact that many mutations that lead to fAD occur near gamma-secretase cleavage sites on APP One of One of most common mutations fAD London Mutation London Mutation London Mutation London Mutation","An APP gene mutation alters how amyloid precursor protein is cleaved, increasing production of the amyloid-beta fragment. Amyloid-beta aggregates into extracellular plaques and, together with hyperphosphorylated tau (which aggregates into intracellular neurofibrillary tangles), causes reduction in synaptic strength and synaptic loss. This synaptic dysfunction and downstream neurodegeneration is what produces the clinically measurable progressive decline in cognition and function that defines Alzheimer's disease.",0.0,1.0,24.757113933563232,0.14285714285714285,0.7546669840812683
q25,vectorrag,hybridrag,"CSFrequently used to support diagnosing and staging Alzheimer's disease from its preclinical to symptomatic stages. CSF biomarkers, PET imaging, and structural MRI collectively support diagnosing and staging Alzheimer's disease from preclinical to symptomatic stages.","CSF amyloid-beta42 and tau are established core fluid biomarkers reflecting the disease's molecular hallmarks. Amyloid PET visualizes brain plaque burden in vivo and is increasingly used clinically, while tau PET offers additional value for differential diagnosis and clinical trial patient selection. Structural MRI complements these by tracking hippocampal and cortical atrophy, an established outcome marker of neurodegeneration. Together, these modalities let researchers define 'preclinical Alzheimer's disease' -- biomarker evidence of AD pathology in cognitively healthy individuals -- extending diagnosis earlier than clinical symptoms alone would allow, which is also reflected in the StatPearls textbook's staged clinical/pathological description of the disease.",0.5,,9.90040397644043,0.15827338129496404,0.8206301331520081
q25,graphrag,hybridrag,"CSFibrin cerebrokinal fluid (CSF) biomarkers, positron imaging resonance imaging (PET) and structural magnetic resonance imaging (MRI) collectively support diagnosingosing and staging Alzheimer's disease from its preclinical to symptomatic stages.","CSF amyloid-beta42 and tau are established core fluid biomarkers reflecting the disease's molecular hallmarks. Amyloid PET visualizes brain plaque burden in vivo and is increasingly used clinically, while tau PET offers additional value for differential diagnosis and clinical trial patient selection. Structural MRI complements these by tracking hippocampal and cortical atrophy, an established outcome marker of neurodegeneration. Together, these modalities let researchers define 'preclinical Alzheimer's disease' -- biomarker evidence of AD pathology in cognitively healthy individuals -- extending diagnosis earlier than clinical symptoms alone would allow, which is also reflected in the StatPearls textbook's staged clinical/pathological description of the disease.",,0.6,10.552224397659302,0.16541353383458643,0.6948684453964233
q25,hybridrag,hybridrag,"CSF biomarkers, PET imaging, and structural MRI collectively support diagnosing and staging Alzheimer's disease from its preclinical to symptomatic stages. CSF biomarkers, PET imaging, and structural MRI collectively support diagnosing and staging Alzheimer's disease from its preclinical to symptomatic stages.","CSF amyloid-beta42 and tau are established core fluid biomarkers reflecting the disease's molecular hallmarks. Amyloid PET visualizes brain plaque burden in vivo and is increasingly used clinically, while tau PET offers additional value for differential diagnosis and clinical trial patient selection. Structural MRI complements these by tracking hippocampal and cortical atrophy, an established outcome marker of neurodegeneration. Together, these modalities let researchers define 'preclinical Alzheimer's disease' -- biomarker evidence of AD pathology in cognitively healthy individuals -- extending diagnosis earlier than clinical symptoms alone would allow, which is also reflected in the StatPearls textbook's staged clinical/pathological description of the disease.",0.5,0.6,13.332298278808594,0.1793103448275862,0.8091312646865845
q26,vectorrag,hybridrag,Sex differences and gender and APOE genotype jointly shape resilience to cognitive decline aging and and's disease.,"Sex and gender significantly impact the prevalence of protective and risk factors and influence the burden of both AD pathology (amyloid and tau) and comorbid pathologies like cerebrovascular disease, which together shape cognitive trajectories. This interacts directly with genetics: carrying the APOE e4 allele raises AD risk more in women than in men, meaning the same genetic risk factor confers different real-world resilience outcomes depending on sex -- and resilience itself appears to shift across different ages and disease stages rather than being fixed.",0.6666666666666666,,7.51111364364624,0.196078431372549,0.8187065720558167
q26,graphrag,hybridrag,Sex differences in aging and APOE genotype jointly shape resilience to cognitive decline in and in and's disease.,"Sex and gender significantly impact the prevalence of protective and risk factors and influence the burden of both AD pathology (amyloid and tau) and comorbid pathologies like cerebrovascular disease, which together shape cognitive trajectories. This interacts directly with genetics: carrying the APOE e4 allele raises AD risk more in women than in men, meaning the same genetic risk factor confers different real-world resilience outcomes depending on sex -- and resilience itself appears to shift across different ages and disease stages rather than being fixed.",,1.0,5.291512489318848,0.1553398058252427,0.8170562386512756
q26,hybridrag,hybridrag,Sex differences in cognitive resilience to cognitive decline vary by age and cognitive status. Initial evidence supports sex-specific distinctions in brain pathology. Findings suggest sex differences in the impact of pathology Findings. There is sex differences in in the in in the transition to in clinical stages.,"Sex and gender significantly impact the prevalence of protective and risk factors and influence the burden of both AD pathology (amyloid and tau) and comorbid pathologies like cerebrovascular disease, which together shape cognitive trajectories. This interacts directly with genetics: carrying the APOE e4 allele raises AD risk more in women than in men, meaning the same genetic risk factor confers different real-world resilience outcomes depending on sex -- and resilience itself appears to shift across different ages and disease stages rather than being fixed.",0.6666666666666666,1.0,14.566320180892944,0.16666666666666669,0.6861974000930786
q27,vectorrag,hybridrag,"The glymphaticatic system, sleep, and aging, interact to form a proposed 'final common pathway' pathway to dementia, and this relates amyloid and tau aggregation seen Alzheimer's disease specifically.","The glymphatic system clears the brain of protein waste products and is mostly active during sleep, but it degrades with age -- so aging and poor sleep compound to reduce clearance capacity. Since this system's role is clearing aggregation-prone proteins, its failure is proposed as a 'final common pathway' across neurodegenerative dementias, including Alzheimer's, where impaired clearance would be expected to worsen the buildup of amyloid-beta plaques and hyperphosphorylated tau tangles that define AD's core pathology.",0.3333333333333333,,10.27915906906128,0.25688073394495414,0.756349503993988
q27,graphrag,hybridrag,"The glymphatic system, sleep and aging interact to form a proposed 'final common pathway to dementia. Aging, sleep and sleep Disturbance sleep Disturbance sleep Distances sleep sleepances Distances sleepances sleep sleep Distances sleep sleepances sleep sleepances sleepances sleepances sleep sleep sleep sleep sleep sleep sleep sleep sleep sleep sleep sleep sleep sleep sleep sleep sleep sleep sleep sleep sleep sleep sleep sleep sleep sleep sleep sleep sleep sleep sleep sleep sleep sleep sleep sleep sleep sleep sleep sleep sleep sleep sleep sleep sleep sleep sleep sleep sleep sleep sleep sleep sleep sleep sleep sleep sleep sleep sleep sleep sleep sleep sleep sleep sleep sleep sleep sleep sleep sleep sleep sleep sleep","The glymphatic system clears the brain of protein waste products and is mostly active during sleep, but it degrades with age -- so aging and poor sleep compound to reduce clearance capacity. Since this system's role is clearing aggregation-prone proteins, its failure is proposed as a 'final common pathway' across neurodegenerative dementias, including Alzheimer's, where impaired clearance would be expected to worsen the buildup of amyloid-beta plaques and hyperphosphorylated tau tangles that define AD's core pathology.",,0.8333333333333334,17.425543785095215,0.1256544502617801,0.39683645963668823
q27,hybridrag,hybridrag,"The glymphatic system, sleep, and aging, are interconnected, to form a, dementia, pathway. The, , , , , , , , , , , , , , , , , , , , , , , , , , , , , , , , , , , , , , , , , , , , , , , , , , , , , , , , , , , , , , , , , , , , , , , , , , , , , , , , , , , , , , , , , , , , , , , , , , , , , , , , ,","The glymphatic system clears the brain of protein waste products and is mostly active during sleep, but it degrades with age -- so aging and poor sleep compound to reduce clearance capacity. Since this system's role is clearing aggregation-prone proteins, its failure is proposed as a 'final common pathway' across neurodegenerative dementias, including Alzheimer's, where impaired clearance would be expected to worsen the buildup of amyloid-beta plaques and hyperphosphorylated tau tangles that define AD's core pathology.",0.3333333333333333,0.8333333333333334,19.15360426902771,0.19148936170212766,0.6203978061676025
q28,vectorrag,hybridrag,"Alzheimer societal impact of Alzheimer's disease when considering economic burden, caregiver burden, and epidemiological prevalence trends together is a huge, burden on patients and and caregivers. Overall rise of each cost component could be anticipated with disease deterioration. Choice special special caregiving accommodation could reduce caregiver's's productivity loss increase direct nonmedical expenditure of the disease societal perspective.","AD prevalence continues to rise with global population aging, and the disease is expected to remain the leading cause of dementia (50-70% of cases). This growing prevalence directly drives cost: the global cost of dementia care is projected to reach roughly $2 trillion by 2030, with indirect caregiving costs (largely borne by family caregivers) as the single largest cost contributor for community-dwelling patients, while formal caregiving accommodation shifts costs toward direct expenditure. Together, rising prevalence and disproportionate caregiving burden make AD an escalating public health and economic priority, reinforcing the case for early prevention efforts targeting modifiable risk factors.",0.6666666666666666,,11.807656526565552,0.12422360248447203,0.8157665133476257
q28,graphrag,hybridrag,"The overall societal impact of Alzheimer's disease is significant societal, with a combination of economic burden, caregiver burden, and epidemiological prevalence trends. The global cost of AD-related dementia care is projected to reach roughly $2 trillion by 2030.","AD prevalence continues to rise with global population aging, and the disease is expected to remain the leading cause of dementia (50-70% of cases). This growing prevalence directly drives cost: the global cost of dementia care is projected to reach roughly $2 trillion by 2030, with indirect caregiving costs (largely borne by family caregivers) as the single largest cost contributor for community-dwelling patients, while formal caregiving accommodation shifts costs toward direct expenditure. Together, rising prevalence and disproportionate caregiving burden make AD an escalating public health and economic priority, reinforcing the case for early prevention efforts targeting modifiable risk factors.",,1.0,8.717788696289062,0.28368794326241137,0.883098840713501
q28,hybridrag,hybridrag,The overall societal impact of Alzheimer's disease is projected to reach roughly $2 trillion by 2033 200300000000000000000000000000000000000000000000000000000000000000000000000000000000000000000000000000000000,"AD prevalence continues to rise with global population aging, and the disease is expected to remain the leading cause of dementia (50-70% of cases). This growing prevalence directly drives cost: the global cost of dementia care is projected to reach roughly $2 trillion by 2030, with indirect caregiving costs (largely borne by family caregivers) as the single largest cost contributor for community-dwelling patients, while formal caregiving accommodation shifts costs toward direct expenditure. Together, rising prevalence and disproportionate caregiving burden make AD an escalating public health and economic priority, reinforcing the case for early prevention efforts targeting modifiable risk factors.",0.6666666666666666,1.0,16.36372709274292,0.16806722689075632,0.6792052984237671
q29,vectorrag,hybridrag,"The StatPearls textbook's staged clinical and pathological description of Alzheimer's disease aligns with the biomarker-based findings on amyloid, tau, tau, and imaging, and biomarkers described in the PubMed literature.","The textbook frames AD through etiology, pathophysiology, histopathology, staging, and prognosis sections that describe progressive amyloid plaque and neurofibrillary tangle accumulation alongside clinical decline. This matches the PubMed literature's biomarker-based framing: fluid biomarkers (CSF/plasma amyloid-beta and tau) and imaging biomarkers (amyloid PET, tau PET, structural MRI) are used to detect the same underlying amyloid/tau pathology described in the textbook, but push detection earlier -- into a 'preclinical' stage before clinical symptoms appear -- refining the textbook's clinical staging with molecular and imaging precision.",0.25,,9.239500284194946,0.25210084033613445,0.8787815570831299
q29,graphrag,hybridrag,"The StatPearls textbook's staged clinical and pathological description of Alzheimer's disease aligns with the biomarker-based findings on amyloid, tau and and imaging described in the literature.","The textbook frames AD through etiology, pathophysiology, histopathology, staging, and prognosis sections that describe progressive amyloid plaque and neurofibrillary tangle accumulation alongside clinical decline. This matches the PubMed literature's biomarker-based framing: fluid biomarkers (CSF/plasma amyloid-beta and tau) and imaging biomarkers (amyloid PET, tau PET, structural MRI) are used to detect the same underlying amyloid/tau pathology described in the textbook, but push detection earlier -- into a 'preclinical' stage before clinical symptoms appear -- refining the textbook's clinical staging with molecular and imaging precision.",,0.7142857142857143,6.028486728668213,0.24137931034482757,0.85611891746521
q29,hybridrag,hybridrag,"The StatPearls textbook's textbook's staged clinical and pathological description of Alzheimer's disease aligns with the biomarker-based findings on amyloid, tau, and imaging, and tau, and, and, and and, and and and and and and and and and and and and and and and and and and and and and and and and and and and and and and and and and and and and and and and and and and and and and and and and and and and and and and and and and and and and and and and and and and and and and and and and and and and and and and and and and and and and and","The textbook frames AD through etiology, pathophysiology, histopathology, staging, and prognosis sections that describe progressive amyloid plaque and neurofibrillary tangle accumulation alongside clinical decline. This matches the PubMed literature's biomarker-based framing: fluid biomarkers (CSF/plasma amyloid-beta and tau) and imaging biomarkers (amyloid PET, tau PET, structural MRI) are used to detect the same underlying amyloid/tau pathology described in the textbook, but push detection earlier -- into a 'preclinical' stage before clinical symptoms appear -- refining the textbook's clinical staging with molecular and imaging precision.",0.25,0.7142857142857143,18.118435621261597,0.12745098039215688,0.7703844904899597
q30,vectorrag,hybridrag,A comprehensive Alzheimer's prevention strategy for Alzheimer's prevention of Alzheimer's disease would include a combination of both genetic and and modifiable risk factors. Genetic risk factors include some of of the of of the of of the of of the of of of of of of of of of of of of of of of of of of of of of of of of of of of of of of of of of of of of of of of of of of of of of of of of of of of of of of of of of of of of of of of of of of of of of of of of of of of of of of of of of of of,"A comprehensive strategy would combine early genetic risk stratification (APOE genotyping to identify e4 carriers at elevated risk, with awareness that risk is sex-modified, and family-history screening given the 10-30% risk increase with an affected first-degree relative) with modifiable-factor interventions started in midlife or earlier: promoting physical activity (a consistently protective factor), managing cardiovascular/vascular risk factors, reducing environmental exposures like air pollution, and protecting sleep quality to preserve glymphatic clearance. Because AD is described as starting decades before clinical symptoms, this combined genetic-plus-lifestyle approach targeting non-demented middle-aged and elderly populations offers the greatest potential to prevent or delay onset, complementing emerging disease-modifying drug therapies rather than replacing them.",0.16666666666666666,,15.746572017669678,0.09795918367346938,0.6602176427841187
q30,graphrag,hybridrag,"A comprehensive Alzheimer's prevention strategy for Alzheimer's prevention of would include:

1. Genetic Risk factors: 
1. - Genetic testing for APOE3 and early detection of APOE4
.2 - early of APO4
3. - ofPO434. - of4. of4. of4.44 of.44 of4 of4 of44 of of4 of of4 of4 of4 of of of of of of of of of of of of of of of of of of of of of of of of of of of of of of of of of of of of of of of","A comprehensive strategy would combine early genetic risk stratification (APOE genotyping to identify e4 carriers at elevated risk, with awareness that risk is sex-modified, and family-history screening given the 10-30% risk increase with an affected first-degree relative) with modifiable-factor interventions started in midlife or earlier: promoting physical activity (a consistently protective factor), managing cardiovascular/vascular risk factors, reducing environmental exposures like air pollution, and protecting sleep quality to preserve glymphatic clearance. Because AD is described as starting decades before clinical symptoms, this combined genetic-plus-lifestyle approach targeting non-demented middle-aged and elderly populations offers the greatest potential to prevent or delay onset, complementing emerging disease-modifying drug therapies rather than replacing them.",,0.14285714285714285,20.956963062286377,0.08737864077669903,0.7265681028366089
q30,hybridrag,hybridrag,"A comprehensive Alzheimer's prevention strategy for Alzheimer's prevention of Alzheimer's disease would include addressing both genetic risk factors, modifiable risk factors, and comorbbidities. This would include lifestyle, physical activity, cognitive stimulation, diet, and, and and, and and, and and, and and and and and and and and and and and and and and and and and and and and and and and and and and and and and and and and and and and and and and and and and and and and and and and and and and and and and and and and and and and and and and and and and and and and and and and and and","A comprehensive strategy would combine early genetic risk stratification (APOE genotyping to identify e4 carriers at elevated risk, with awareness that risk is sex-modified, and family-history screening given the 10-30% risk increase with an affected first-degree relative) with modifiable-factor interventions started in midlife or earlier: promoting physical activity (a consistently protective factor), managing cardiovascular/vascular risk factors, reducing environmental exposures like air pollution, and protecting sleep quality to preserve glymphatic clearance. Because AD is described as starting decades before clinical symptoms, this combined genetic-plus-lifestyle approach targeting non-demented middle-aged and elderly populations offers the greatest potential to prevent or delay onset, complementing emerging disease-modifying drug therapies rather than replacing them.",0.16666666666666666,0.14285714285714285,19.474960565567017,0.1111111111111111,0.7124536633491516
